{
  "tfidf_lr_base": {
    "accuracy": 0.7756041426927502,
    "precision": 0.7667660208643815,
    "recall": 0.930379746835443,
    "f1": 0.8406862745098039
  },
  "tfidf_lr_improved": {
    "accuracy": 0.7537399309551208,
    "precision": 0.739406779661017,
    "recall": 0.9466546112115732,
    "f1": 0.830293417922284
  },
  "tfidf_nb": {
    "accuracy": 0.7105868814729575,
    "precision": 0.6914285714285714,
    "recall": 0.984629294755877,
    "f1": 0.8123834390152928
  }
}